id,open_time_utc,close_time_utc,direction,grade,score,entry,sl,tp,contracts,close_price,exit_reason,pnl_usd,equity_after
1,2020-09-04 16:00,2020-09-04 19:05,SHORT,A,34,10341.9,10520.0,9875.6,16,10529.470657372693,SL,-31.18,968.82
2,2020-10-21 21:20,2020-10-21 22:20,SHORT,A,37,12858.7,13019.0,12354.0,18,13026.694832515432,SL,-31.87,936.94
3,2020-11-06 10:30,2020-11-06 20:20,SHORT,A,35,15630.5,15783.2,15308.1,18,15308.1,TP,56.09,993.03
4,2020-11-24 16:10,2020-11-24 16:20,SHORT,A,34,19257.2,19420.0,18903.7,18,19428.420506059945,SL,-33.26,959.77
5,2020-11-30 17:05,2020-11-30 18:10,LONG,A,37,19083.2,19348.4,19947.4,12,19335.830801650365,SL,28.7,988.47
6,2020-12-10 16:45,2020-12-10 17:55,SHORT,A+,45,18213.1,18213.1,17910.0,44,18223.969033209814,SL,-10.39,978.07
7,2020-12-16 16:35,2020-12-16 16:40,SHORT,A,34,20789.7,20903.9,19637.5,25,20918.905849377945,SL,-35.96,942.12
8,2020-12-16 20:40,2020-12-16 21:45,SHORT,A,34,20822.7,20928.8,20556.3,26,20945.43055656607,SL,-35.72,906.4
9,2020-12-17 16:05,2020-12-17 16:10,SHORT,A,34,23270.8,23388.1,22556.0,23,23391.122933044404,SL,-31.43,874.97
10,2020-12-28 12:25,2020-12-28 13:05,SHORT,A,39,27048.4,27244.0,26580.3,13,27249.669725027125,SL,-28.64,846.33
11,2020-12-28 19:15,2020-12-28 20:35,SHORT,A,34,27159.4,27375.9,26722.9,11,26722.9,TP,45.95,892.28
12,2021-01-01 20:20,2021-01-02 01:50,SHORT,A,35,29207.6,29394.7,28620.0,14,29416.130468640622,SL,-32.07,860.21
13,2021-01-06 12:55,2021-01-06 14:30,SHORT,A,35,34938.6,34338.4,33620.0,6,34348.31986926956,SL,33.97,894.17
14,2021-01-14 18:45,2021-01-14 20:10,LONG,A,34,39358.0,39780.0,40168.8,17,39771.390210886326,SL,65.56,959.73
15,2021-01-21 16:50,2021-01-21 20:05,LONG,A,38,31556.2,32408.7,32767.9,5,32385.894426509105,SL,40.36,1000.09
16,2021-01-22 09:05,2021-01-22 09:10,SHORT,A,39,31706.3,31052.0,30301.5,8,31081.677856110135,SL,48.22,1048.31
17,2021-01-29 12:35,2021-01-29 13:55,SHORT,A,35,37318.4,38220.0,32035.1,3,38252.56453502776,SL,-28.82,1019.49
18,2021-01-31 10:35,2021-01-31 10:40,SHORT,A,34,33705.8,33461.3,33290.3,17,33481.589868687886,SL,34.12,1053.61
19,2021-02-01 16:20,2021-02-01 16:35,LONG,A,36,33530.6,33336.2,34468.4,16,33302.99184191109,SL,-40.15,1013.46
20,2021-02-03 16:40,2021-02-03 16:45,SHORT,A,41,37090.2,36820.2,35853.3,11,36840.43731404638,SL,24.63,1038.09
21,2021-02-03 18:50,2021-02-03 21:35,SHORT,A,34,37086.0,37275.0,36389.1,16,37309.91449530182,SL,-40.0,998.09
22,2021-02-04 09:00,2021-02-04 09:05,LONG,A,34,37619.5,38453.5,38397.0,11,38441.09185561309,SL,87.43,1085.52
23,2021-02-12 16:35,2021-02-12 16:40,SHORT,A,41,48007.5,47169.3,46138.9,6,47206.577529038135,SL,46.06,1131.59
24,2021-02-15 21:20,2021-02-15 21:45,LONG,A,35,48504.5,48504.5,48845.0,29,48468.62255398736,SL,-20.25,1111.34
25,2021-02-16 16:20,2021-02-16 17:00,LONG,A,34,48905.9,48418.1,50839.9,6,48407.13731427117,SL,-31.96,1079.37
26,2021-02-25 09:00,2021-02-25 09:10,LONG,A,34,49764.2,49501.7,50571.1,12,49485.889440496605,SL,-37.56,1041.81
27,2021-03-01 16:25,2021-03-01 16:30,SHORT,A,34,49150.8,48620.0,47453.2,5,48667.54675260946,SL,22.45,1064.27
28,2021-03-09 14:55,2021-03-09 16:35,SHORT,A,34,54615.7,54091.4,53615.3,14,54100.67246091618,SL,66.79,1131.06
29,2021-03-14 16:55,2021-03-14 19:35,LONG,A,36,59626.6,60089.6,60600.0,8,60058.90698248236,SL,31.23,1162.28
30,2021-03-17 15:05,2021-03-17 15:10,LONG,A,36,54420.0,54882.8,55444.2,11,54847.469583160964,SL,42.81,1205.09
31,2021-03-28 12:05,2021-03-28 12:15,LONG,A,34,55885.4,55692.7,56550.0,18,55679.85824670992,SL,-44.02,1161.07
32,2021-04-06 12:25,2021-04-06 12:30,SHORT,A,36,58929.3,59058.9,58312.5,26,59066.917408601854,SL,-46.52,1114.55
33,2021-04-08 08:45,2021-04-08 09:20,LONG,A,34,56845.9,56845.9,57312.3,29,56817.001133205435,SL,-19.92,1094.63
34,2021-04-18 17:55,2021-04-18 20:15,LONG,A,34,54965.7,55699.5,55932.6,12,55932.6,TP,111.35,1205.98
35,2021-04-19 16:50,2021-04-19 18:35,LONG,A,34,54977.1,55504.3,56766.8,4,55477.08923133372,SL,18.45,1224.43
36,2021-04-27 21:00,2021-04-27 21:50,SHORT,A,36,55134.2,55368.5,54261.5,15,55405.303900600615,SL,-46.48,1177.96
37,2021-04-30 11:50,2021-04-30 13:10,LONG,A,39,54227.3,54630.0,54833.7,17,54597.75878568848,SL,56.49,1234.45
38,2021-05-14 02:05,2021-05-14 04:10,SHORT,A,37,50006.2,49450.3,48412.1,9,49459.03924188221,SL,46.12,1280.57
39,2021-06-03 21:05,2021-06-03 21:10,SHORT,A,36,38880.1,38633.3,38411.1,27,38665.22583732893,SL,50.7,1331.27
40,2021-06-06 11:25,2021-06-06 13:25,LONG,A,34,35831.0,35679.1,36488.0,26,35658.814583285886,SL,-51.27,1280.0
41,2021-06-16 18:05,2021-06-16 18:10,SHORT,A,36,39424.9,39026.6,38872.3,30,39038.13455181804,SL,107.81,1387.81
42,2021-06-28 08:20,2021-06-28 08:25,SHORT,A,34,35151.0,34862.0,34289.0,14,34867.39479963824,SL,36.28,1424.09
43,2021-06-30 07:45,2021-06-30 07:50,SHORT,A,34,35013.3,35162.3,34656.0,28,35174.44213195342,SL,-52.0,1372.08
44,2021-07-05 15:35,2021-07-05 17:45,LONG,A,35,33459.4,33262.3,34548.3,20,33241.89002030255,SL,-48.16,1323.92
45,2021-07-13 16:35,2021-07-13 16:40,SHORT,A,36,32801.4,32669.9,32280.0,30,32676.187177598702,SL,30.69,1354.61
46,2021-07-14 08:05,2021-07-14 09:05,LONG,A,35,31838.3,31613.0,32569.6,18,31589.615878190187,SL,-48.75,1305.86
47,2021-07-15 22:20,2021-07-16 02:10,SHORT,A,35,31801.1,31960.4,31137.1,24,31977.2173292893,SL,-47.63,1258.23
48,2021-07-20 11:05,2021-07-20 12:15,SHORT,A+,43,29769.2,29769.2,29232.3,43,29783.493235663664,SL,-15.11,1243.12
49,2021-07-20 18:20,2021-07-21 04:20,SHORT,A,36,29798.9,30030.3,29256.6,16,30043.32168836537,SL,-42.46,1200.66
50,2021-07-22 12:40,2021-07-22 14:45,SHORT,A,36,32107.7,32278.0,31727.1,21,32306.839639800775,SL,-46.56,1154.1
51,2021-07-26 16:15,2021-07-26 16:25,SHORT,A,36,38788.8,38788.8,37915.0,31,38810.74314099352,SL,-15.22,1138.87
52,2021-07-27 19:50,2021-07-27 20:05,SHORT,A,34,37947.6,37947.6,37342.6,24,37966.99440502735,SL,-11.03,1127.84
53,2021-07-28 17:30,2021-07-28 17:35,LONG,A,34,39622.6,40032.6,40860.0,10,40004.1129032727,SL,35.36,1163.2
54,2021-08-02 01:20,2021-08-02 07:35,LONG,A,35,39651.6,40169.7,41318.0,10,40135.059280639,SL,45.55,1208.75
55,2021-08-02 16:05,2021-08-02 16:20,SHORT,A,34,39688.3,39840.8,38893.5,23,39845.492950843465,SL,-42.56,1166.18
56,2021-08-03 16:55,2021-08-03 18:10,SHORT,A,34,38398.6,38113.3,37623.3,10,37623.3,TP,74.88,1241.06
57,2021-08-06 08:20,2021-08-06 10:40,SHORT,A,34,40899.9,40570.0,39874.0,11,40597.42123529413,SL,30.14,1271.2
58,2021-08-16 12:05,2021-08-16 12:15,SHORT,A,34,47512.0,47686.0,46980.0,21,47722.854530872915,SL,-51.29,1219.92
59,2021-08-16 17:05,2021-08-16 17:50,SHORT,A,36,46411.9,46411.9,45924.9,29,46440.60412585518,SL,-17.75,1202.17
60,2021-08-30 21:30,2021-08-30 21:35,LONG,A,34,48209.9,48577.2,48606.6,25,48550.895382184106,SL,76.77,1278.94
61,2021-09-02 14:45,2021-09-02 15:10,LONG,A+,45,49518.9,49346.5,49960.8,33,49300.792401374136,SL,-83.38,1195.56
62,2021-09-08 01:50,2021-09-08 02:05,SHORT,A,35,46929.9,47191.7,46088.4,13,47234.402548047234,SL,-43.88,1151.68
63,2021-09-08 10:55,2021-09-08 11:00,SHORT,A,35,46525.3,45985.7,45008.0,9,45999.74143413238,SL,44.39,1196.08
64,2021-09-08 17:35,2021-09-08 23:30,LONG,A,36,45986.1,46299.7,46928.0,9,46277.848444205425,SL,23.35,1219.42
65,2021-09-12 13:40,2021-09-12 13:45,LONG,A,34,45872.5,45735.0,46212.8,26,45702.1174107023,SL,-52.63,1166.8
66,2021-09-20 12:10,2021-09-20 12:15,LONG,A,34,43537.0,44355.0,45281.8,4,44312.4071900995,SL,29.78,1196.58
67,2021-09-20 17:40,2021-09-20 17:45,SHORT,A,34,44037.3,44151.5,43437.8,31,44190.26483531513,SL,-57.0,1139.58
68,2021-09-23 08:45,2021-09-23 10:15,LONG,A,34,43910.4,43688.4,44395.8,15,43681.72063306042,SL,-38.9,1100.69
69,2021-09-26 18:05,2021-09-26 20:30,LONG,A,34,43180.7,43180.7,43547.2,29,43547.2,TP,97.47,1198.15
70,2021-09-27 12:05,2021-09-27 12:35,LONG,A,34,43490.5,43326.3,44128.0,21,43304.58808390609,SL,-45.42,1152.74
71,2021-09-30 20:45,2021-09-30 20:50,LONG,A,35,43103.9,43495.8,44118.2,11,43468.37526440405,SL,36.75,1189.49
72,2021-10-01 16:30,2021-10-01 16:35,SHORT,A,35,47710.3,47356.8,46623.3,14,47373.74502214793,SL,42.47,1231.95
73,2021-10-03 21:10,2021-10-03 21:15,LONG,A,39,47995.2,48546.2,49288.4,18,48537.783963929396,SL,91.57,1323.52
74,2021-10-06 17:50,2021-10-06 20:15,SHORT,A,34,54805.6,55181.5,53788.0,10,55221.8843072362,SL,-45.49,1278.04
75,2021-10-07 09:05,2021-10-07 09:10,LONG,A,34,54401.9,54563.3,55255.9,23,54521.64260988535,SL,18.77,1296.81
76,2021-10-07 16:15,2021-10-07 17:25,LONG,A,36,53510.2,54203.2,54718.2,22,54161.77918624843,SL,135.04,1431.84
77,2021-10-07 19:20,2021-10-07 21:00,SHORT,A,37,54160.0,54354.1,53358.1,33,54383.04489540048,SL,-86.15,1345.69
78,2021-10-08 12:20,2021-10-08 12:25,LONG,A,34,54665.1,55156.8,56211.0,6,55110.013557975646,SL,24.39,1370.07
79,2021-10-11 18:45,2021-10-11 19:50,LONG,A,41,57304.1,57146.0,57778.0,25,57778.0,TP,108.39,1478.46
80,2021-10-12 21:50,2021-10-12 22:00,SHORT,A,36,55984.5,55984.5,55558.0,38,56018.34054021228,SL,-27.76,1450.7
81,2021-10-25 16:05,2021-10-25 16:10,SHORT,A,38,63166.6,63407.2,62600.0,18,63456.1219270817,SL,-60.1,1390.61
82,2021-10-26 12:35,2021-10-26 12:40,LONG,A,36,62347.3,62761.5,63135.8,27,62726.88820027456,SL,90.65,1481.26
83,2021-11-04 17:35,2021-11-04 18:05,LONG,A,34,60999.7,60743.1,62376.7,17,60736.79852980592,SL,-51.93,1429.33
84,2021-11-09 09:35,2021-11-09 10:00,SHORT,A,34,68109.4,68238.0,67628.1,31,68287.62712196515,SL,-70.06,1359.27
85,2021-11-09 20:45,2021-11-09 20:50,SHORT,A,41,67144.0,66836.3,66215.4,28,66850.51996830633,SL,69.06,1428.33
86,2021-11-10 20:05,2021-11-10 20:10,LONG,A+,43,66457.4,67606.2,69158.0,10,67547.57463227407,SL,104.31,1532.64
87,2021-11-16 06:30,2021-11-16 06:35,LONG,A,35,60663.9,60299.2,62240.0,12,60247.70451144756,SL,-55.01,1477.62
88,2021-11-19 19:35,2021-11-19 20:20,LONG,A,36,57838.2,57838.2,58320.0,38,57801.862499833835,SL,-29.19,1448.44
89,2021-11-22 09:15,2021-11-22 09:20,SHORT,A,34,57684.0,57515.2,56800.0,25,57551.31181381841,SL,23.09,1471.53
90,2021-11-25 17:50,2021-11-25 17:55,SHORT,A,36,59277.1,59000.0,58600.0,15,59022.93862414091,SL,31.92,1503.45
91,2021-11-26 16:50,2021-11-26 23:40,SHORT,A,39,54559.4,53914.0,53467.6,16,53953.78460998577,SL,90.84,1594.29
92,2021-12-01 13:35,2021-12-01 13:40,SHORT,A,34,57616.9,57866.2,56733.8,19,57894.07971457232,SL,-60.35,1533.93
93,2021-12-02 20:35,2021-12-02 20:40,SHORT,A,34,57076.4,56709.9,56025.3,13,56747.83492258127,SL,37.54,1571.47
94,2021-12-14 17:50,2021-12-14 18:40,LONG,A,38,46730.5,46521.1,47499.9,22,46479.7227740354,SL,-62.34,1509.13
95,2021-12-21 18:55,2021-12-21 22:30,LONG,A,36,48458.6,48977.6,49300.0,23,48954.32632054844,SL,106.16,1615.29
96,2021-12-22 18:45,2021-12-22 21:00,LONG,A,34,48586.7,48940.0,49253.5,30,48908.92517948802,SL,86.42,1701.71
97,2021-12-27 12:20,2021-12-27 12:35,LONG,A,34,50616.9,50616.9,50986.0,44,50986.0,TP,146.73,1848.44
98,2021-12-27 17:20,2021-12-27 17:25,SHORT,A,34,51585.2,51700.0,51210.0,48,51707.887354030245,SL,-76.25,1772.19
99,2021-12-29 09:20,2021-12-29 09:25,LONG,A,34,47584.0,47708.1,48051.9,42,47688.31322549895,SL,29.8,1801.99
100,2021-12-31 14:05,2021-12-31 16:55,LONG,A,34,47971.4,47822.0,48447.0,36,47794.21611049224,SL,-75.84,1726.15
101,2022-01-17 09:40,2022-01-17 12:25,SHORT,A,34,42837.6,42603.5,42320.0,33,42640.565379259264,SL,55.16,1781.3
102,2022-01-23 14:25,2022-01-23 14:30,LONG,A,38,35522.0,35884.0,36180.0,24,35867.016642846014,SL,76.79,1858.1
103,2022-01-28 17:20,2022-01-28 20:35,SHORT,A,34,37106.6,37398.7,36178.1,19,37415.603969819495,SL,-63.68,1794.42
104,2022-01-31 13:10,2022-01-31 13:15,LONG,A,36,36892.3,37061.2,37437.9,31,37049.53027528961,SL,40.71,1835.14
105,2022-02-07 09:05,2022-02-07 09:15,LONG,A,34,42698.8,42510.0,43078.0,29,42478.70554897893,SL,-72.46,1762.67
106,2022-02-14 22:30,2022-02-14 22:35,SHORT,A,35,42728.8,42303.7,42356.9,36,42310.722924576636,SL,139.82,1902.49
107,2022-02-15 14:10,2022-02-15 14:40,SHORT,A,34,44331.1,44458.9,43838.4,44,44502.7309775162,SL,-89.21,1813.28
108,2022-02-20 14:20,2022-02-20 19:20,LONG,A,35,38142.3,38362.4,38850.0,25,38350.947084758125,SL,45.46,1858.74
109,2022-02-24 07:35,2022-02-24 07:50,LONG,A,36,34481.4,34304.3,35110.0,31,35110.0,TP,187.29,2046.03
110,2022-02-27 13:50,2022-02-27 13:55,LONG,A,34,38667.7,39619.5,39159.8,48,39610.1448561354,SL,439.15,2485.18
111,2022-03-02 09:35,2022-03-02 11:05,LONG,A,34,43830.2,44078.0,44394.7,40,44046.13125887463,SL,74.06,2559.24
112,2022-03-16 18:35,2022-03-16 18:40,LONG,A,36,39567.9,40038.0,41200.0,16,40003.29632732907,SL,65.2,2624.43
113,2022-03-20 20:10,2022-03-20 22:50,SHORT,A,41,41474.0,41263.5,40914.0,34,41290.63124066856,SL,52.51,2676.94
114,2022-03-21 16:35,2022-03-21 21:00,LONG,A,36,40980.8,41183.0,41552.8,31,41154.07147727785,SL,44.79,2721.73
115,2022-03-23 17:55,2022-03-23 18:00,LONG,A,35,42031.4,42281.1,42449.0,47,42241.57166991742,SL,84.9,2806.64
116,2022-03-25 12:40,2022-03-25 12:45,SHORT,A,34,44598.2,44110.7,43581.1,17,44142.91593956721,SL,72.13,2878.77
117,2022-03-29 15:20,2022-03-29 15:50,SHORT,A,34,47969.3,48131.5,47434.8,53,47434.8,TP,265.63,3144.4
118,2022-03-29 21:50,2022-03-29 21:55,LONG,A,36,47233.4,47452.0,48023.0,76,47445.48046488295,SL,135.97,3280.37
119,2022-04-01 10:55,2022-04-01 12:40,SHORT,A,35,45179.3,45343.2,44566.2,60,45358.9190764493,SL,-126.8,3153.57
120,2022-04-12 12:35,2022-04-12 12:40,SHORT,A,34,40395.2,40498.7,40040.0,91,40511.9683368526,SL,-132.04,3021.52
121,2022-04-20 20:55,2022-04-20 21:25,SHORT,A,36,41387.7,41488.0,40850.0,90,41514.92357436719,SL,-140.63,2880.89
122,2022-04-28 18:05,2022-04-28 18:10,SHORT,A,36,40303.5,39886.9,38879.8,20,39912.5060378027,SL,72.6,2953.49
123,2022-05-02 16:55,2022-05-02 17:50,LONG,A,38,38553.7,38212.1,39239.9,25,38175.73884879903,SL,-101.19,2852.3
124,2022-05-04 15:35,2022-05-04 16:25,LONG,A,36,38765.1,38765.1,39180.0,75,39180.0,TP,290.67,3142.97
125,2022-05-06 09:45,2022-05-06 11:00,SHORT,A,38,36377.7,36176.9,35821.6,47,35821.6,TP,249.53,3392.49
126,2022-05-11 05:15,2022-05-11 05:20,SHORT,A,37,31457.6,31732.7,30626.1,36,31749.722872450493,SL,-113.14,3279.35
127,2022-05-12 16:20,2022-05-12 16:35,SHORT,A,36,29393.1,29855.3,27930.1,21,29862.800066530293,SL,-103.01,3176.34
128,2022-05-24 18:10,2022-05-24 19:05,SHORT,A,34,29457.1,29246.5,28650.0,39,29261.296433632757,SL,68.36,3244.7
129,2022-05-25 16:40,2022-05-25 18:00,LONG,A,34,29425.8,29692.5,29948.7,41,29671.094529128874,SL,92.08,3336.78
130,2022-05-27 19:55,2022-05-27 20:00,SHORT,A,35,28792.8,28516.8,28268.1,57,28535.086600127943,SL,135.48,3472.26
131,2022-05-30 12:35,2022-05-30 12:40,LONG,A+,42,30366.8,30688.9,30986.1,100,30667.07525254619,SL,278.87,3751.13
132,2022-06-02 13:00,2022-06-02 13:15,SHORT,A,34,30115.5,30115.5,29855.2,87,29855.2,TP,208.23,3959.36
133,2022-06-02 15:00,2022-06-02 15:25,SHORT,A,38,30060.5,30285.0,29588.0,52,30308.982030376857,SL,-140.22,3819.15
134,2022-06-02 18:20,2022-06-02 20:00,SHORT,A,41,30306.6,30306.6,29588.0,86,30320.951885227925,SL,-30.59,3788.55
135,2022-06-06 15:20,2022-06-06 16:35,LONG,A+,42,31237.3,31237.3,31589.0,157,31222.88976577741,SL,-56.94,3731.61
136,2022-06-08 08:05,2022-06-08 09:35,SHORT,A,34,30580.4,30580.4,30202.4,89,30599.699900743093,SL,-36.24,3695.37
137,2022-06-08 12:05,2022-06-08 12:30,LONG,A,34,30421.2,30312.9,30638.4,102,30304.151101796666,SL,-141.05,3554.32
138,2022-06-13 19:35,2022-06-13 21:45,LONG,A,34,23373.8,23081.7,24244.8,36,23062.47075056357,SL,-117.91,3436.41
139,2022-06-14 08:40,2022-06-14 10:15,SHORT,A,34,22917.8,22369.8,21763.5,21,22390.730614052096,SL,107.37,3543.78
140,2022-06-14 17:30,2022-06-14 19:35,SHORT,A,36,22729.9,22228.9,21985.0,76,22248.843492177955,SL,353.69,3897.47
141,2022-06-26 21:00,2022-06-26 22:20,SHORT,A,36,21411.3,21519.0,21191.7,108,21191.7,TP,221.1,4118.57
142,2022-06-30 15:25,2022-06-30 19:25,SHORT,A+,45,19197.2,18991.9,18725.9,118,19000.172806727387,SL,216.75,4335.32
143,2022-07-08 13:35,2022-07-08 14:50,LONG,A,34,21306.8,21306.8,21747.7,90,21747.7,TP,383.19,4718.51
144,2022-07-11 15:00,2022-07-11 21:00,LONG,A,36,20392.8,20392.8,20760.7,103,20375.991045987,SL,-32.01,4686.5
145,2022-07-12 09:35,2022-07-12 09:45,LONG,A,35,19706.5,19601.5,20055.0,133,19586.75890348678,SL,-177.52,4508.98
146,2022-08-08 19:05,2022-08-08 19:20,LONG,A,34,23910.5,23806.5,24215.0,130,23790.75807982195,SL,-177.35,4331.64
147,2022-08-11 14:15,2022-08-11 15:20,SHORT,A,34,24823.4,24594.2,24369.9,106,24369.9,TP,462.53,4794.17
148,2022-08-19 14:30,2022-08-19 18:10,LONG,A,35,21380.9,21380.9,21832.1,104,21377.941343137918,SL,-18.64,4775.53
149,2022-08-30 17:35,2022-08-30 19:30,LONG,A,34,19685.6,19953.1,20446.3,69,19949.629276413394,SL,172.58,4948.11
150,2022-09-13 17:05,2022-09-13 17:10,SHORT,A,37,20821.0,20927.9,21058.6,138,21058.6,TP,-348.17,4599.94
151,2022-09-13 17:20,2022-09-13 17:25,SHORT,A,37,20821.0,20927.9,21058.6,129,21058.6,TP,-325.46,4274.48
152,2022-09-18 12:55,2022-09-18 14:50,SHORT,A,34,20015.6,20015.6,19760.2,121,19760.2,TP,292.24,4566.72
153,2022-09-19 18:20,2022-09-19 18:25,LONG,A,34,19153.0,19032.8,19438.0,113,19021.877484941862,SL,-163.24,4403.48
154,2022-11-08 07:50,2022-11-08 14:45,SHORT,A+,42,19737.4,19737.4,19327.2,149,19327.2,TP,590.92,4994.39
155,2022-11-10 16:50,2022-11-10 18:05,SHORT,A,36,17844.2,17281.7,16563.7,102,17294.273077612816,SL,548.47,5542.86
156,2022-12-20 16:20,2022-12-21 04:20,LONG,A,38,16816.3,16690.2,17072.2,131,16824.9,MAX_HOLD,-4.16,5538.7
157,2023-01-22 20:00,2023-01-22 20:10,LONG,A,36,22724.5,22612.8,23079.6,148,22608.548576532725,SL,-195.06,5343.63
158,2023-02-23 17:35,2023-02-23 17:55,LONG,A,36,23913.8,23812.5,24235.3,158,23806.308809772807,SL,-196.2,5147.43
159,2023-03-12 20:00,2023-03-12 20:55,LONG,A,35,20764.6,21126.0,21344.0,81,21119.226283875218,SL,275.33,5422.76
160,2023-03-14 19:15,2023-03-14 19:20,LONG,A+,42,24703.2,24965.9,26489.7,43,24946.298143374013,SL,97.04,5519.81
161,2023-03-15 17:50,2023-03-15 17:55,LONG,A,34,24159.5,24405.8,25146.9,67,24396.60673478756,SL,147.45,5667.26
162,2023-03-21 14:35,2023-03-21 14:40,LONG,A,35,27986.6,27860.0,28254.8,134,27835.100861800012,SL,-229.16,5438.1
163,2023-03-26 15:50,2023-03-26 17:00,LONG,A,39,27739.8,27739.8,28221.7,136,27717.385173091043,SL,-56.88,5381.22
164,2023-03-29 22:05,2023-03-30 00:55,LONG,A,38,28234.9,28234.9,28497.0,130,28212.754892856337,SL,-54.47,5326.75
165,2023-03-31 16:05,2023-04-01 02:05,SHORT,A,34,28499.1,28702.8,27839.0,78,28714.616285822263,SL,-183.75,5143.01
166,2023-04-13 18:10,2023-04-13 21:35,SHORT,A,34,30505.7,30297.8,30136.1,135,30311.405251911197,SL,233.6,5376.61
167,2023-04-23 16:40,2023-04-23 23:25,SHORT,A,36,27649.8,27649.8,27305.0,154,27670.86741865964,SL,-62.27,5314.34
168,2023-04-28 15:10,2023-04-28 15:15,LONG,A,34,28964.2,29160.0,29485.0,81,29134.819844911664,SL,121.71,5436.05
169,2023-05-08 08:45,2023-05-08 08:50,LONG,A,34,27846.0,27990.4,28267.5,112,27965.530901279486,SL,111.98,5548.03
170,2023-05-08 17:40,2023-05-08 18:00,LONG,A,36,27794.8,27655.0,28090.2,119,27639.067259948457,SL,-208.38,5339.65
171,2023-05-29 18:55,2023-05-30 00:40,LONG,A,34,27622.7,27622.7,27943.8,136,27612.250359741814,SL,-40.5,5299.15
172,2023-05-31 16:55,2023-05-31 23:45,LONG,A,36,26915.7,27136.7,27232.2,127,27232.2,TP,377.83,5676.97
173,2023-06-07 20:15,2023-06-07 22:00,LONG,A,34,26401.0,26209.2,26868.0,88,26200.766207829616,SL,-192.38,5484.59
174,2023-06-21 12:25,2023-06-21 12:30,SHORT,A,34,29053.2,28940.1,28775.2,145,28955.875674049024,SL,111.7,5596.29
175,2023-06-22 12:45,2023-06-22 13:25,SHORT,A,34,30129.0,30274.0,29829.4,115,30290.722646857677,SL,-210.33,5385.96
176,2023-08-18 18:50,2023-08-18 18:55,SHORT,A,37,26253.3,25996.7,25924.5,105,26018.915490783256,SL,226.93,5612.9
177,2023-09-01 20:35,2023-09-02 08:35,SHORT,A,36,25783.0,25988.1,25325.0,82,25778.1,MAX_HOLD,-10.78,5602.12
178,2023-09-18 14:10,2023-09-18 16:25,LONG,A,37,27190.6,27190.6,27415.0,151,27177.240639487733,SL,-48.9,5553.21
179,2023-09-19 12:50,2023-09-19 13:55,LONG,A,35,27092.0,27092.0,27498.0,148,27085.67696094723,SL,-37.42,5515.79
180,2023-09-25 17:55,2023-09-26 05:55,SHORT,A,34,26343.0,26449.8,26112.0,154,26310.5,MAX_HOLD,21.68,5537.47
181,2023-09-29 18:10,2023-09-30 06:10,LONG,A,38,26765.2,26765.2,27068.9,122,26940.0,MAX_HOLD,190.29,5727.76
182,2023-10-02 13:20,2023-10-02 14:00,SHORT,A,35,28387.0,28515.9,27923.0,133,28524.828000911173,SL,-209.83,5517.93
183,2023-10-02 18:40,2023-10-02 18:45,LONG,A,39,27952.1,27825.7,28607.8,130,27821.654708377842,SL,-194.93,5323.0
184,2023-10-11 18:35,2023-10-12 03:15,LONG,A,39,26646.3,26848.9,27166.0,118,26843.921725056363,SL,211.07,5534.07
185,2023-10-23 18:45,2023-10-23 18:50,LONG,A,36,30900.3,30762.0,31331.1,120,30754.631097795384,SL,-200.67,5333.4
186,2023-10-24 12:40,2023-10-24 13:15,SHORT,A,34,34732.3,34908.0,34259.2,91,34259.2,TP,408.61,5742.01
187,2023-10-24 21:05,2023-10-24 22:35,LONG,A,37,33483.7,34043.4,34558.0,64,34026.542838273795,SL,332.25,6074.25
188,2023-10-26 14:35,2023-10-26 14:40,LONG,A,35,34049.3,33935.4,34626.1,159,33918.79724500097,SL,-245.29,5828.96
189,2023-11-07 14:50,2023-11-07 15:00,SHORT,A,37,34747.3,34849.0,34516.5,172,34865.75306806998,SL,-245.68,5583.28
190,2023-11-10 14:45,2023-11-10 16:05,SHORT,A,34,37132.3,37132.3,36500.0,113,37143.993414165576,SL,-42.59,5540.69
191,2023-11-27 19:50,2023-11-27 21:00,LONG,A,36,36805.3,36805.3,37151.3,146,36781.7553824433,SL,-71.97,5468.72
192,2023-12-12 08:50,2023-12-12 08:55,SHORT,A,34,42010.2,41709.8,41371.1,54,41721.2215107591,SL,140.25,5608.96
193,2023-12-17 16:35,2023-12-17 16:40,SHORT,A,36,41924.3,42039.1,41500.0,146,42054.364689838316,SL,-232.84,5376.13
194,2023-12-17 22:10,2023-12-17 22:35,LONG,A,36,41874.9,41672.5,42446.4,79,41636.05425051628,SL,-211.75,5164.38
195,2023-12-18 10:30,2023-12-18 10:35,LONG,A,36,40860.0,41063.4,41322.5,127,41055.91389828305,SL,212.36,5376.74
196,2023-12-26 22:20,2023-12-27 03:45,SHORT,A,41,42515.4,42297.0,41625.0,48,42338.89761264179,SL,70.48,5447.22
197,2023-12-27 15:50,2023-12-27 16:25,SHORT,A,34,43070.4,43070.4,42728.0,132,43087.496508396995,SL,-62.38,5384.84
198,2023-12-29 21:15,2023-12-29 21:20,SHORT,A,35,42237.7,42133.1,41663.4,154,42166.51665344347,SL,64.14,5448.99
199,2023-12-31 11:50,2023-12-31 13:00,LONG,A,34,42544.6,42361.0,42918.0,89,42341.70116010343,SL,-206.99,5241.99
200,2024-01-22 15:20,2024-01-22 16:10,LONG,A,36,40425.9,40691.0,41060.0,157,40662.00196693379,SL,326.07,5568.06
201,2024-01-22 18:20,2024-01-22 18:50,SHORT,A,34,40770.7,40770.7,40350.0,122,40350.0,TP,478.69,6046.75
202,2024-01-25 17:35,2024-01-25 18:35,LONG,A,34,39731.6,39731.6,40099.2,149,39713.615876716976,SL,-68.22,5978.53
203,2024-02-02 15:45,2024-02-02 16:05,SHORT,A,35,43071.8,43269.5,42551.0,90,43311.460299999446,SL,-242.94,5735.59
204,2024-02-12 17:05,2024-02-12 17:20,SHORT,A,34,49739.4,50004.0,47845.8,65,50037.106946983135,SL,-216.24,5519.35
205,2024-02-14 13:30,2024-02-14 14:35,SHORT,A,36,51684.5,51897.6,51024.0,77,51930.47457793768,SL,-217.35,5302.0
206,2024-02-19 10:25,2024-02-19 10:40,SHORT,A,34,52402.8,52402.8,51992.2,137,52432.02261213614,SL,-90.31,5211.69
207,2024-02-19 17:50,2024-02-19 19:25,SHORT,A,35,52174.0,51921.5,51680.1,75,51941.10305955784,SL,147.37,5359.06
208,2024-02-28 16:05,2024-02-28 16:30,SHORT,A,36,60929.6,61473.3,58476.7,29,61520.28529380818,SL,-183.75,5175.31
209,2024-03-05 12:10,2024-03-05 12:55,SHORT,A,36,66834.2,67288.0,65570.2,34,67327.087202834,SL,-183.57,4991.73
210,2024-03-10 11:35,2024-03-10 11:40,LONG,A,34,69342.5,69600.0,69974.0,92,69541.56953407,SL,138.4,5130.13
211,2024-03-11 16:20,2024-03-11 19:10,SHORT,A,36,72303.3,72708.0,71333.3,38,72780.5474027419,SL,-200.68,4929.45
212,2024-03-12 06:30,2024-03-12 06:35,LONG,A,35,71597.7,71923.0,72518.0,49,71853.40696249159,SL,100.68,5030.13
213,2024-03-18 23:20,2024-03-19 00:20,SHORT,A,36,67947.6,68118.7,66544.6,88,68179.16934904303,SL,-245.74,4784.39
214,2024-03-20 16:25,2024-03-20 16:30,LONG,A,35,63290.1,62818.3,64398.8,30,62761.45868988586,SL,-171.8,4612.59
215,2024-03-25 21:30,2024-03-25 22:55,LONG,A,37,69673.0,70349.1,70900.0,28,70310.62205358587,SL,164.79,4777.37
216,2024-03-26 11:35,2024-03-26 13:45,LONG,A,39,70693.9,70246.8,71606.5,32,70190.21486132966,SL,-176.93,4600.44
217,2024-03-26 23:10,2024-03-27 01:00,SHORT,A,37,70318.0,70564.7,69425.5,55,70588.86034081747,SL,-176.12,4424.32
218,2024-04-01 17:25,2024-04-01 21:05,LONG,A,36,68336.1,69609.3,70122.5,42,69596.17479741212,SL,508.88,4933.2
219,2024-04-03 08:40,2024-04-03 08:45,SHORT,A,36,66374.6,66509.0,65933.0,110,66534.11265345979,SL,-226.66,4706.54
220,2024-04-03 14:10,2024-04-03 14:15,SHORT,A,34,66551.2,65920.0,65971.8,106,65971.47476733058,SL,565.44,5271.97
221,2024-04-03 17:35,2024-04-03 17:40,LONG,A,34,65900.2,66197.4,66931.4,55,66173.82156608479,SL,125.05,5397.02
222,2024-04-05 08:25,2024-04-05 08:30,SHORT,A,34,67580.1,67012.5,66370.0,32,67077.33153636022,SL,145.83,5542.85
223,2024-04-08 12:20,2024-04-08 13:40,SHORT,A,36,72572.6,72756.0,71818.4,90,71818.4,TP,633.4,6176.24
224,2024-04-08 17:25,2024-04-08 19:00,LONG,A,36,71517.4,71866.0,72846.2,71,71794.46487578664,SL,161.07,6337.32
225,2024-04-09 19:30,2024-04-09 22:40,SHORT,A,36,69076.8,69353.0,68168.8,68,69396.19803521049,SL,-250.18,6087.14
226,2024-04-11 08:50,2024-04-11 08:55,SHORT,A,34,71245.7,70881.8,70396.2,50,70924.85174435102,SL,135.57,6222.71
227,2024-04-11 15:50,2024-04-11 17:35,LONG,A,36,69901.0,70263.8,71095.7,50,70220.72661026144,SL,135.32,6358.02
228,2024-04-29 20:10,2024-04-29 22:20,SHORT,A,36,63047.2,63255.8,61787.6,91,63268.02809021797,SL,-241.22,6116.81
229,2024-05-05 17:25,2024-05-05 20:35,SHORT,A,36,64422.9,63783.4,63617.7,69,63617.7,TP,524.75,6641.56
230,2024-05-10 12:50,2024-05-10 12:55,LONG,A,34,62953.1,63182.3,63388.0,147,63131.59662833239,SL,197.48,6839.04
231,2024-05-13 10:35,2024-05-13 10:40,LONG,A,35,62552.5,62995.7,63322.0,63,62962.22202326063,SL,230.41,7069.45
232,2024-05-14 12:15,2024-05-14 12:35,SHORT,A,34,61993.9,62147.3,61414.3,138,61414.3,TP,740.36,7809.81
233,2024-05-15 09:15,2024-05-15 09:45,LONG,A,34,61942.3,61786.0,62280.0,149,62280.0,TP,438.32,8248.13
234,2024-05-21 22:40,2024-05-21 23:30,SHORT,A,41,70125.0,70297.7,69521.5,143,70335.75318766077,SL,-371.72,7876.4
235,2024-05-23 21:05,2024-05-23 21:10,SHORT,A,41,68067.9,67632.0,66745.2,90,67654.55025362202,SL,329.32,8205.72
236,2024-05-26 16:25,2024-05-26 16:30,LONG,A,36,68723.9,68906.3,69407.9,134,68894.55336716208,SL,164.1,8369.82
237,2024-05-29 10:35,2024-05-29 12:15,SHORT,A,34,67969.1,67969.1,67600.0,184,67991.21887357421,SL,-128.26,8241.56
238,2024-06-03 10:55,2024-06-03 11:25,LONG,A,34,68903.6,68903.6,69231.6,179,69231.6,TP,500.49,8742.05
239,2024-06-03 14:45,2024-06-03 14:50,LONG,A,35,69095.5,69655.3,69818.6,104,69591.19276206174,SL,464.96,9207.01
240,2024-06-03 20:15,2024-06-03 20:20,SHORT,A,37,69521.4,69180.6,68512.0,123,69240.30456724956,SL,286.06,9493.07
241,2024-06-12 17:55,2024-06-12 18:40,SHORT,A,36,69828.8,69342.7,67721.0,130,69400.2683150987,SL,493.83,9986.9
242,2024-06-25 08:40,2024-06-25 08:45,LONG,A,35,60696.4,60919.0,61589.8,134,60904.84238483173,SL,222.24,10209.14
243,2024-06-25 13:40,2024-06-25 13:55,LONG,A,35,61084.2,61084.2,61622.4,208,61076.02812328523,SL,-105.93,10103.21
244,2024-07-04 13:00,2024-07-04 13:05,LONG,A,35,57172.2,57550.0,58104.0,135,57541.379139427794,SL,444.11,10547.32
245,2024-07-05 21:55,2024-07-06 02:10,SHORT,A,36,56808.7,56315.0,55341.5,114,56327.29413029606,SL,503.74,11051.07
246,2024-07-07 10:05,2024-07-07 11:35,SHORT,A,34,57761.4,57457.8,57066.0,110,57491.2649097678,SL,252.82,11303.89
247,2024-07-08 06:50,2024-07-08 08:20,SHORT,A,36,55864.3,56306.2,54280.0,76,56327.29399700144,SL,-381.77,10922.12
248,2024-07-11 14:20,2024-07-11 14:25,LONG,A,34,58141.8,58526.4,58530.1,276,58473.64692901498,SL,803.11,11725.23
249,2024-07-11 19:35,2024-07-11 22:55,LONG,A,36,57378.3,57150.5,58114.3,154,57106.253997100794,SL,-480.6,11244.63
250,2024-07-14 16:55,2024-07-14 20:40,SHORT,A,38,60057.7,60269.0,59464.8,159,60322.97165432384,SL,-488.84,10755.79
251,2024-07-18 21:00,2024-07-18 22:25,SHORT,A,36,63839.6,63988.7,63318.6,216,64015.92424489044,SL,-477.58,10278.22
252,2024-07-22 16:35,2024-07-22 18:25,LONG,A,36,66834.6,67445.4,67960.0,111,67396.37494257448,SL,571.33,10849.54
253,2024-07-23 08:05,2024-07-23 08:35,SHORT,A,34,66644.9,66799.5,66328.0,210,66833.31827428684,SL,-493.84,10355.7
254,2024-07-28 12:25,2024-07-28 12:30,SHORT,A,39,67906.2,67709.7,67220.0,158,67776.20967113464,SL,130.38,10486.08
255,2024-07-28 14:50,2024-07-28 15:35,SHORT,A,34,67977.4,67725.1,67560.6,187,67766.99032556044,SL,304.68,10790.76
256,2024-08-06 08:05,2024-08-06 08:10,SHORT,A,34,55875.4,56076.0,55235.3,161,56089.82916909108,SL,-408.38,10382.39
257,2024-08-08 19:20,2024-08-08 21:45,SHORT,A,34,59705.5,59906.7,56670.2,154,59935.92063284186,SL,-419.39,9963.0
258,2024-08-19 14:20,2024-08-19 15:20,LONG,A,38,58158.6,58519.7,58966.0,78,58503.63618549218,SL,237.24,10200.24
259,2024-08-20 17:05,2024-08-20 18:35,LONG,A,36,58745.0,59281.5,60950.0,115,59253.91895351157,SL,537.67,10737.91
260,2024-08-22 17:10,2024-08-22 18:55,LONG,A,36,60261.8,60468.3,60838.2,177,60422.18382529688,SL,209.07,10946.99
261,2024-08-26 08:45,2024-08-26 09:30,LONG,A,34,63676.0,63554.7,64221.8,257,63541.32405340152,SL,-460.5,10486.49
262,2024-08-27 21:15,2024-08-27 21:20,LONG,A,34,61560.2,61918.9,62513.5,253,61900.9243876024,SL,752.58,11239.07
263,2024-09-01 10:25,2024-09-01 13:55,LONG,A,39,57954.8,57746.7,58676.0,162,57705.16680379508,SL,-469.92,10769.14
264,2024-09-05 13:40,2024-09-05 13:45,SHORT,A,35,57099.6,56732.8,56529.4,181,56740.59627733271,SL,577.78,11346.92
265,2024-09-08 17:45,2024-09-08 18:00,SHORT,A,36,54340.8,54466.0,54031.1,271,54496.91335038431,SL,-526.36,10820.56
266,2024-09-10 10:20,2024-09-10 12:10,LONG,A,34,56957.1,57194.6,57410.5,153,57168.60159625573,SL,262.43,11082.99
267,2024-10-07 09:10,2024-10-07 09:20,LONG,A,36,63405.2,63296.3,63729.5,262,63255.92531242649,SL,-507.19,10575.8
268,2024-10-10 13:20,2024-10-10 13:50,SHORT,A,38,61135.1,61340.9,60626.4,154,60626.4,TP,717.89,11293.69
269,2024-10-11 08:00,2024-10-11 09:20,LONG,A,34,60682.3,60682.3,60932.0,273,60932.0,TP,565.38,11859.07
270,2024-10-13 13:25,2024-10-13 14:40,SHORT,A,35,62802.4,62802.4,62527.8,283,62527.8,TP,653.1,12512.16
271,2024-10-15 14:50,2024-10-15 15:05,LONG,A+,48,65899.1,65260.0,67990.0,88,65239.8361282802,SL,-620.46,11891.7
272,2024-10-16 21:20,2024-10-16 21:25,LONG,A,34,67584.0,67880.1,68329.0,179,67818.84419401719,SL,335.48,12227.18
273,2024-10-27 18:35,2024-10-27 18:50,LONG,A,35,67775.5,67650.0,68042.5,270,67622.39536835293,SL,-541.27,11685.91
274,2024-11-07 22:00,2024-11-07 22:30,LONG,A,36,75921.0,75540.4,76750.0,92,75494.39123404854,SL,-441.18,11244.73
275,2024-11-10 17:40,2024-11-10 17:45,SHORT,A,36,80166.6,79786.8,79300.0,210,79797.66960390165,SL,657.3,11902.03
276,2024-11-21 07:05,2024-11-21 10:10,LONG,A,41,97023.2,97484.6,97884.5,109,97461.55595687868,SL,403.54,12305.57
277,2024-11-26 14:05,2024-11-26 15:20,LONG,A,34,92052.4,92897.2,93785.0,64,92852.48564463365,SL,470.56,12776.13
278,2024-12-06 12:45,2024-12-06 13:00,LONG,A,34,97919.1,97631.2,98715.7,133,97609.57006082858,SL,-502.63,12273.5
279,2024-12-17 19:45,2024-12-17 21:05,LONG,A,36,106308.4,106766.1,108416.9,60,106723.23332398097,SL,204.13,12477.62
280,2024-12-18 07:35,2024-12-18 07:45,SHORT,A,34,103825.6,104152.4,103100.1,114,104168.02498151641,SL,-473.41,12004.21
281,2025-01-01 11:50,2025-01-01 12:30,SHORT,A,37,93714.0,93965.2,92899.1,143,93995.19109538948,SL,-496.11,11508.1
282,2025-01-06 14:20,2025-01-06 14:25,LONG,A,34,98892.7,99442.3,99644.8,162,99392.4909970745,SL,697.11,12205.21
283,2025-01-06 20:15,2025-01-07 00:40,SHORT,A,34,102156.5,102510.8,98712.0,103,102524.73107349512,SL,-453.12,11752.09
284,2025-01-08 14:45,2025-01-08 17:05,LONG,A,36,95029.5,94512.0,96100.0,68,94424.18374803783,SL,-456.64,11295.45
285,2025-01-08 22:10,2025-01-09 04:30,SHORT,A,41,94589.0,94083.1,92500.0,35,94128.461861676,SL,138.09,11433.54
286,2025-01-13 14:05,2025-01-13 14:35,LONG,A,34,90701.7,90280.1,91779.9,81,90246.97359774311,SL,-419.57,11013.97
287,2025-01-16 13:15,2025-01-16 13:20,LONG,A,36,98854.8,99282.2,99844.1,128,99240.66351164367,SL,405.08,11419.05
288,2025-01-19 08:50,2025-01-19 09:10,LONG,A,38,104584.7,104225.2,105482.4,95,104158.93468779876,SL,-473.82,10945.23
289,2025-01-23 17:35,2025-01-23 20:10,SHORT,A,39,105593.1,103819.6,101291.8,25,103917.9594374342,SL,400.52,11345.75
290,2025-01-26 20:05,2025-01-26 21:00,LONG,A,36,104993.6,104993.6,105280.7,162,104920.6350633765,SL,-237.21,11108.54
291,2025-01-27 16:50,2025-01-27 16:55,LONG,A+,42,100357.6,99923.2,102322.5,115,99888.4909575752,SL,-619.99,10488.55
292,2025-01-28 14:05,2025-01-28 14:10,LONG,A,36,102598.3,102451.5,103000.0,153,102424.37939485066,SL,-375.85,10112.7
293,2025-01-28 16:30,2025-01-28 16:35,LONG,A,36,101925.0,102451.5,103000.0,57,102406.70692335589,SL,233.77,10346.46
294,2025-01-29 19:10,2025-01-29 19:15,LONG,A,36,101834.5,102768.4,102821.2,113,102749.36325158032,SL,952.73,11299.19
295,2025-02-02 12:05,2025-02-02 12:10,LONG,A,34,99454.4,99208.0,100118.3,137,99146.90128285236,SL,-516.44,10782.75
296,2025-02-05 10:20,2025-02-05 12:05,LONG,A,34,97512.3,98116.8,98333.1,119,98333.1,TP,895.04,11677.79
297,2025-02-05 15:05,2025-02-05 15:10,LONG,A,36,98005.7,98630.0,98728.5,109,98599.67218615377,SL,572.33,12250.12
298,2025-02-09 08:05,2025-02-09 09:30,SHORT,A,34,97244.1,97030.2,96680.0,188,97074.41518860366,SL,191.19,12441.31
299,2025-02-13 15:50,2025-02-13 15:55,SHORT,A,36,96044.3,96352.2,95321.0,121,96411.48755769107,SL,-525.87,11915.44
300,2025-02-13 19:15,2025-02-13 20:00,SHORT,A,34,96261.1,95742.1,95215.3,138,95812.98986180246,SL,525.71,12441.15
301,2025-02-14 09:40,2025-02-14 10:50,SHORT,A,34,97138.8,97138.8,96538.1,192,97233.94894422046,SL,-313.33,12127.82
302,2025-02-18 19:50,2025-02-18 19:55,SHORT,A,37,94040.5,93691.8,95200.0,95,93782.58676511137,SL,182.6,12310.43
303,2025-02-25 19:20,2025-02-25 20:40,LONG,A,36,86624.3,88559.0,89567.8,61,88534.38067793754,SL,1127.58,13438.0
304,2025-03-19 12:45,2025-03-19 13:20,LONG,A,39,83552.4,83359.0,84134.3,208,84134.3,TP,1088.09,14526.1
305,2025-04-01 12:35,2025-04-01 12:45,LONG,A,34,83968.4,83823.0,84517.5,259,83808.7270153341,SL,-565.58,13960.52
306,2025-04-01 20:55,2025-04-01 23:35,SHORT,A,37,85229.9,85535.4,82550.0,137,85551.21686000089,SL,-522.16,13438.36
307,2025-04-07 19:40,2025-04-07 21:55,SHORT,A,34,78902.6,79400.9,77298.9,80,79416.64326910983,SL,-455.63,12982.73
308,2025-04-08 09:40,2025-04-08 09:45,LONG,A,36,79061.9,79192.0,79876.3,246,79161.96332175274,SL,109.89,13092.62
309,2025-04-09 08:20,2025-04-09 11:50,SHORT,A,36,77152.3,76247.3,75000.0,48,76258.74291164357,SL,403.2,13495.82
310,2025-04-16 17:55,2025-04-16 18:00,LONG,A,35,83725.9,85274.6,84262.3,153,85225.22638154608,SL,2203.15,15698.97
311,2025-04-18 08:05,2025-04-18 12:05,SHORT,A,34,84695.8,84695.8,84416.0,278,84730.88829724187,SL,-262.41,15436.56
312,2025-04-21 17:00,2025-04-21 17:05,LONG,A+,43,87200.4,87710.3,88474.3,121,87629.37501305647,SL,444.94,15881.5
313,2025-04-23 13:40,2025-04-23 14:00,SHORT,A,35,94319.6,94575.0,93288.8,186,93288.8,TP,1795.44,17676.94
314,2025-04-28 17:00,2025-04-28 17:05,LONG,A,36,94057.1,93790.0,95577.6,198,93710.95319974302,SL,-815.39,16861.55
315,2025-05-03 13:50,2025-05-03 15:05,SHORT,A+,43,96276.0,96420.0,95811.0,262,96475.12677815903,SL,-698.54,16163.01
316,2025-05-05 08:05,2025-05-05 11:20,SHORT,A,39,94666.6,94236.6,93971.1,256,94308.09828167132,SL,748.58,16911.59
317,2025-05-05 20:40,2025-05-05 21:15,LONG,A,40,93833.5,94173.0,94500.0,172,94500.0,TP,1032.83,17944.42
318,2025-05-07 08:25,2025-05-07 08:30,SHORT,A,35,96897.5,96695.8,96274.6,266,96746.48649452475,SL,221.47,18165.89
319,2025-05-07 11:50,2025-05-07 12:20,SHORT,A,34,96983.1,97086.0,96777.0,280,97146.32915615747,SL,-647.36,17518.54
320,2025-05-07 21:35,2025-05-08 01:00,SHORT,A,36,97135.1,97464.3,96461.0,159,97549.52452885221,SL,-767.38,16751.16
321,2025-05-09 08:30,2025-05-09 09:05,SHORT,A,36,103891.9,103020.0,102279.4,177,103058.16020292367,SL,1347.74,18098.9
322,2025-05-09 13:35,2025-05-09 14:05,LONG,A,35,102772.8,103445.0,104359.8,134,103398.589155241,SL,741.74,18840.63
323,2025-05-19 07:55,2025-05-19 08:00,SHORT,A,34,102982.6,103167.5,102025.0,274,103257.00747953856,SL,-949.77,17890.86
324,2025-05-21 10:05,2025-05-21 10:10,LONG,A,34,106550.5,106268.2,107998.3,190,106173.0452600727,SL,-858.52,17032.34
325,2025-05-23 17:25,2025-05-23 19:10,SHORT,A,34,109526.0,108954.9,107911.4,115,108988.25552494571,SL,530.55,17562.89
326,2025-05-25 11:50,2025-05-25 12:15,SHORT,A,34,107173.5,107373.0,106666.0,245,107437.431744946,SL,-830.76,16732.13
327,2025-05-25 18:30,2025-05-25 20:00,SHORT,A,36,107500.9,107719.9,106783.8,229,107768.95222484316,SL,-786.47,15945.66
328,2025-05-27 11:35,2025-05-27 12:45,LONG,A,34,109472.7,109472.7,109836.3,218,109429.53073906996,SL,-261.12,15684.54
329,2025-05-28 12:20,2025-05-28 14:00,SHORT,A,34,108843.4,109106.2,108185.9,179,108185.9,TP,1041.13,16725.68
330,2025-05-29 12:35,2025-05-29 13:45,SHORT,A,39,108710.6,108889.7,107617.8,230,107617.8,TP,2339.67,19065.35
331,2025-05-30 09:40,2025-05-30 09:45,LONG,A,35,104919.6,104672.2,106277.2,231,104619.1248242737,SL,-863.41,18201.94
332,2025-06-02 17:25,2025-06-02 18:30,SHORT,A,38,104378.2,104657.4,103615.0,195,104717.92245948048,SL,-805.27,17396.68
333,2025-06-10 08:05,2025-06-10 08:20,LONG,A,36,109170.9,109170.9,109688.0,239,109067.84690615804,SL,-428.82,16967.86
334,2025-06-10 19:00,2025-06-10 19:30,SHORT,A+,45,109430.8,109899.4,108444.0,162,109969.29884759513,SL,-996.9,15970.96
335,2025-06-16 14:00,2025-06-16 14:20,SHORT,A,35,107114.2,107114.2,106489.4,223,107159.36523795935,SL,-267.97,15702.99
336,2025-06-18 13:05,2025-06-18 13:15,LONG,A,34,104352.9,104110.7,105279.9,194,104028.5749333476,SL,-770.59,14932.4
337,2025-06-22 19:05,2025-06-22 20:10,LONG,A,39,99247.6,98599.7,102765.9,69,98516.54830684529,SL,-552.11,14380.29
338,2025-06-25 17:45,2025-06-25 17:50,LONG,A,39,107027.6,107313.3,108090.2,128,107217.54739285329,SL,147.11,14527.4
339,2025-06-26 19:50,2025-06-26 20:35,SHORT,A+,42,107556.0,107746.6,106485.3,202,107757.40508357403,SL,-559.13,13968.28
340,2025-07-04 12:55,2025-07-04 13:35,LONG,A,34,108600.1,108443.0,109168.4,192,108383.14835115471,SL,-562.3,13405.98
341,2025-07-06 15:45,2025-07-06 17:55,LONG,A,37,108632.0,108836.0,109099.9,185,108758.19500919974,SL,92.67,13498.65
342,2025-07-07 16:20,2025-07-07 16:25,SHORT,A,36,108400.1,108630.8,107901.0,175,107901.0,TP,741.07,14239.72
343,2025-07-10 12:05,2025-07-10 12:10,LONG,A,36,110916.7,110799.3,111355.0,192,110779.87034054239,SL,-411.65,13828.06
344,2025-07-15 21:45,2025-07-15 22:45,SHORT,A,34,117545.8,117784.5,115750.0,173,117816.45559243693,SL,-610.82,13217.25
345,2025-07-18 12:15,2025-07-18 12:20,SHORT,A,34,119189.0,119362.1,118433.0,166,119461.11280388302,SL,-590.43,12626.82
346,2025-07-27 12:30,2025-07-27 14:25,LONG,A,34,118041.9,118274.0,118496.7,160,118496.7,TP,595.11,13221.93
347,2025-07-27 19:35,2025-07-27 20:55,LONG,A,34,119110.1,118874.8,119645.4,166,118857.97322875496,SL,-556.73,12665.2
348,2025-07-28 08:05,2025-07-28 08:10,LONG,A,36,118981.2,119157.0,119742.0,159,119091.4423870968,SL,42.77,12707.97
349,2025-07-28 11:20,2025-07-28 11:30,LONG,A,36,118789.2,118625.3,119144.9,160,118571.45379032883,SL,-481.26,12226.71
350,2025-07-29 08:05,2025-07-29 10:50,SHORT,A,34,118959.1,118959.1,118435.0,154,118435.0,TP,679.28,12905.99
351,2025-08-01 16:10,2025-08-01 17:35,SHORT,A,36,115522.5,114695.7,113847.2,84,114743.73373661599,SL,586.56,13492.55
352,2025-08-03 12:20,2025-08-03 13:05,LONG,A,38,113617.1,113882.1,114211.0,178,113857.49541787354,SL,286.12,13778.67
353,2025-08-08 12:00,2025-08-08 13:15,SHORT,A,35,116826.9,116537.8,116337.0,176,116635.45382745635,SL,193.18,13971.86
354,2025-08-08 16:35,2025-08-08 18:20,LONG,A,34,115967.0,116691.9,117225.2,140,116672.41117439703,SL,873.43,14845.29
355,2025-08-11 16:10,2025-08-11 16:15,SHORT,A,34,120423.3,120607.0,119378.0,184,120685.36694154571,SL,-637.55,14207.74
356,2025-08-12 18:15,2025-08-12 20:50,SHORT,A,36,119676.3,120184.7,118549.2,83,120205.40918411929,SL,-508.91,13698.83
357,2025-08-14 09:15,2025-08-14 10:45,SHORT,A,34,121962.5,122151.3,121354.4,168,121354.4,TP,878.69,14577.52
358,2025-08-17 08:10,2025-08-17 08:55,LONG,A,37,117890.9,117890.9,118180.0,185,118180.0,TP,381.9,14959.42
359,2025-08-24 18:15,2025-08-24 18:20,SHORT,A,35,114708.6,114464.4,114321.7,195,114479.64022968864,SL,290.12,15249.54
360,2025-08-31 12:15,2025-08-31 13:05,LONG,A,34,108406.8,108230.0,109057.5,211,108137.95766634942,SL,-727.09,14522.45
361,2025-09-02 18:50,2025-09-02 19:25,LONG,A,34,110719.4,110411.0,111747.7,141,110307.20842224293,SL,-690.18,13832.27
362,2025-09-07 14:05,2025-09-07 14:10,SHORT,A,34,111137.4,111266.0,110819.0,186,111307.92849684788,SL,-462.04,13370.22
363,2025-09-12 15:10,2025-09-12 16:45,LONG,A,38,114923.3,115243.4,115425.5,164,115148.94840013997,SL,237.95,13608.17
364,2025-09-18 10:05,2025-09-18 11:25,SHORT,A,34,117272.1,117272.1,116854.1,174,117297.80947053159,SL,-187.59,13420.58
365,2025-09-19 14:30,2025-09-19 14:50,SHORT,A,41,116393.3,116549.5,116007.5,172,116007.5,TP,523.77,13944.35
366,2025-09-22 17:00,2025-09-22 17:10,LONG,A,38,112528.1,112313.4,113389.0,185,112280.30468276609,SL,-603.92,13340.43
367,2025-09-22 20:55,2025-09-22 21:00,SHORT,A,34,112684.1,112878.0,112174.3,177,112941.40719499427,SL,-595.28,12745.15
368,2025-09-23 08:05,2025-09-23 08:20,SHORT,A,35,112769.2,113084.4,111800.0,121,113177.84140599192,SL,-590.22,12154.93
369,2025-09-23 14:30,2025-09-23 14:35,LONG,A,38,112727.3,112599.0,113028.5,94,112498.19643882306,SL,-289.42,11865.51
370,2025-10-01 16:05,2025-10-01 16:10,SHORT,A,34,117390.0,117637.3,116310.2,143,117734.36115364586,SL,-610.19,11255.32
371,2025-10-08 13:50,2025-10-08 13:55,LONG,A,36,121629.3,122562.4,122825.0,90,122546.47983000416,SL,748.42,12003.74
372,2025-10-13 13:35,2025-10-13 13:40,SHORT,A,39,115261.1,114531.4,114381.3,130,114612.43884436504,SL,738.79,12742.54
373,2025-10-17 11:20,2025-10-17 11:25,SHORT,A,35,106332.6,105675.5,104390.4,58,105729.99675572997,SL,306.51,13049.05
374,2025-10-17 15:05,2025-10-17 15:55,LONG,A,36,105385.3,104803.0,106554.9,67,106554.9,TP,733.81,13782.86
375,2025-10-26 18:35,2025-10-26 18:40,SHORT,A,37,113617.3,113738.1,113221.1,181,113756.31368840692,SL,-395.69,13387.17
376,2025-10-27 07:50,2025-10-27 08:30,LONG,A,39,115599.6,115261.7,116400.3,118,115210.57259176049,SL,-554.31,12832.86
377,2025-10-27 16:10,2025-10-27 16:55,SHORT,A,34,115242.2,115547.1,114537.7,126,115646.9804397956,SL,-611.92,12220.94
378,2025-10-28 05:20,2025-10-28 06:00,LONG,A,34,113770.8,113488.1,114499.9,129,113426.70951073601,SL,-546.39,11674.55
379,2025-10-28 12:20,2025-10-28 13:10,LONG,A,39,114183.0,114183.0,114575.0,153,114575.0,TP,477.17,12151.72
380,2025-10-28 15:50,2025-10-28 15:55,LONG,A,38,114610.2,115104.1,116055.5,66,115003.9316317498,SL,206.78,12358.5
381,2025-10-29 20:35,2025-10-29 20:40,SHORT,A,41,111320.5,110793.9,109100.0,52,110871.31656740657,SL,193.17,12551.68
382,2025-11-02 10:35,2025-11-02 11:35,LONG,A,34,110436.3,110685.3,110999.0,166,110578.6109180853,SL,107.79,12659.47
383,2025-11-02 16:05,2025-11-02 16:10,LONG,A,34,110294.5,110091.0,111199.7,172,110074.17261470141,SL,-511.57,12147.9
384,2025-11-03 08:15,2025-11-03 08:55,SHORT,A,35,107664.7,107248.0,106897.4,95,107264.17224744636,SL,309.09,12456.99
385,2025-11-03 11:00,2025-11-03 12:05,LONG,A,36,107174.5,107592.7,107869.9,125,107869.9,TP,775.04,13232.03
386,2025-11-04 10:00,2025-11-04 10:05,LONG,A,34,103974.1,103690.5,105184.3,139,103621.97635861169,SL,-590.37,12641.66
387,2025-11-04 22:40,2025-11-04 23:35,SHORT,A,37,101828.2,101172.8,99907.3,51,101251.81261475544,SL,257.75,12899.41
388,2025-11-10 08:35,2025-11-10 09:40,LONG,A,34,106001.4,105780.0,106495.4,174,106495.4,TP,730.02,13629.43
389,2025-11-10 09:45,2025-11-10 12:05,SHORT,A,36,106374.7,106570.0,105850.0,192,105850.0,TP,864.96,14494.39
390,2025-11-14 12:05,2025-11-14 12:10,LONG,A,34,95831.4,96595.8,97500.0,56,96513.37618581849,SL,344.15,14838.54
391,2025-11-14 16:05,2025-11-14 16:40,SHORT,A,34,96466.2,97267.8,94500.1,55,97308.14564136435,SL,-500.44,14338.1
392,2025-11-19 13:00,2025-11-19 13:05,SHORT,A,35,91798.0,91414.2,91031.0,212,91474.39776039073,SL,550.15,14888.25
393,2025-11-21 12:25,2025-11-21 12:30,LONG,A,35,81845.6,81202.0,84664.7,69,81168.46801612634,SL,-506.52,14381.73
394,2025-11-27 08:40,2025-11-27 09:20,SHORT,A,35,91365.0,91533.6,90830.4,236,91564.3564760479,SL,-621.65,13760.08
395,2025-11-27 14:30,2025-11-27 16:15,SHORT,A,37,90934.7,91179.7,90415.1,168,91196.06226537003,SL,-546.25,13213.83
396,2025-12-01 16:20,2025-12-01 16:25,LONG,A,34,84071.7,84680.2,86633.9,65,84602.65611302399,SL,306.7,13520.53
397,2025-12-02 07:55,2025-12-02 08:40,SHORT,A,35,87007.9,86613.2,86168.0,233,86631.53875828962,SL,735.45,14255.98
398,2025-12-18 14:50,2025-12-18 14:55,LONG,A,36,87731.8,88055.1,89468.8,58,87977.32975349102,SL,106.72,14362.7
399,2025-12-23 22:40,2025-12-24 02:45,LONG,A,40,87267.6,87097.1,88237.0,246,87050.70671628704,SL,-683.57,13679.13
400,2025-12-28 22:55,2025-12-28 23:00,SHORT,A,36,87819.8,87920.0,87444.0,233,87937.21725778616,SL,-416.95,13262.18
401,2026-01-05 09:05,2026-01-05 09:10,LONG,A,34,92290.1,92574.0,92698.4,201,92544.66562836763,SL,381.57,13643.75
402,2026-01-12 21:50,2026-01-12 21:55,LONG,A,34,91103.9,90940.7,92283.0,224,90856.67360845664,SL,-696.36,12947.38
403,2026-01-13 14:05,2026-01-13 14:40,LONG,A,34,92003.2,91850.0,92648.0,211,92648.0,TP,1223.96,14171.34
404,2026-01-19 14:40,2026-01-19 14:45,LONG,A,35,92703.9,92813.3,93305.0,229,92734.7656075741,SL,-77.96,14093.39
405,2026-01-19 20:05,2026-01-19 23:00,SHORT,A,34,93155.6,92822.5,92662.9,182,92662.9,TP,778.48,14871.87
406,2026-01-20 08:40,2026-01-20 12:00,LONG,A,35,90907.5,91187.1,91767.1,206,91154.56943840274,SL,377.62,15249.49
407,2026-01-21 16:45,2026-01-21 16:50,LONG,A+,48,88679.7,88131.0,90541.7,125,88101.30099028409,SL,-800.23,14449.26
408,2026-01-21 19:40,2026-01-21 19:45,SHORT,A,36,90127.4,88524.6,88520.0,99,88539.22099135416,SL,1510.63,15959.88
409,2026-01-26 16:20,2026-01-26 16:45,LONG,A,36,87694.2,87380.3,88863.7,152,87337.55293200085,SL,-635.14,15324.74
410,2026-01-28 13:15,2026-01-28 13:20,SHORT,A,34,90043.0,89708.0,88820.0,137,89771.63714699139,SL,285.6,15610.34
411,2026-01-30 14:35,2026-01-30 14:40,SHORT,A,36,83145.9,82954.9,82111.0,245,83008.25711862133,SL,194.8,15805.14
412,2026-02-01 18:25,2026-02-01 19:50,SHORT,A,41,78315.0,77718.5,77192.8,86,77192.8,TP,918.43,16723.57
413,2026-02-08 16:45,2026-02-08 16:50,LONG,A,36,70867.4,70642.0,71520.7,222,70593.0084067616,SL,-718.97,16004.6
414,2026-02-10 17:20,2026-02-10 17:35,SHORT,A,34,69365.6,69797.8,67866.7,111,69841.6756780734,SL,-582.61,15421.99
415,2026-02-11 16:45,2026-02-11 19:35,LONG,A,41,66329.0,67349.3,68800.0,73,67299.01924778464,SL,673.87,16095.86
416,2026-02-19 09:25,2026-02-19 09:30,SHORT,A,34,67147.1,66927.7,66650.3,296,66978.3752351756,SL,360.55,16456.41
417,2026-02-20 18:05,2026-02-20 22:35,SHORT,A,36,67682.5,68094.2,66428.1,119,68117.12827487674,SL,-573.85,15882.56
418,2026-03-01 00:45,2026-03-01 01:15,LONG,A,35,66647.6,66293.3,67726.7,134,66241.60909923456,SL,-606.27,15276.29
419,2026-03-11 07:40,2026-03-11 07:45,LONG,A,34,69524.9,69868.8,70255.9,247,69825.81851577459,SL,622.69,15898.98
420,2026-03-15 13:10,2026-03-15 13:15,LONG,A,36,71503.4,71330.2,71900.0,275,71308.40868083002,SL,-673.6,15225.37
421,2026-03-15 16:20,2026-03-15 17:55,LONG,A,37,71321.3,71321.3,71878.9,320,71878.9,TP,1623.67,16849.04
422,2026-03-15 18:00,2026-03-15 18:05,SHORT,A,34,71500.9,71620.0,71237.0,353,71664.9131887121,SL,-755.93,16093.11
423,2026-03-17 01:05,2026-03-17 01:10,SHORT,A,34,75295.3,74900.0,74206.6,122,74939.78352847451,SL,369.64,16462.75
424,2026-03-17 14:50,2026-03-17 15:05,SHORT,A,39,74280.1,74464.2,73518.0,268,74504.37539033762,SL,-740.71,15722.05
425,2026-03-18 18:20,2026-03-18 18:25,SHORT,A,34,71373.8,71559.2,70812.1,254,71578.2706412458,SL,-646.52,15075.53
426,2026-03-19 17:55,2026-03-19 19:10,SHORT,A,34,69899.3,70150.9,69036.1,179,70199.20675552117,SL,-624.69,14450.84
427,2026-03-24 20:30,2026-03-24 20:35,SHORT,A,37,70009.0,69430.7,68868.1,186,69491.09110539786,SL,872.64,15323.48
428,2026-03-25 17:40,2026-03-25 23:20,LONG,A,36,70829.2,71323.0,71968.0,153,71278.79982648566,SL,611.69,15935.17
429,2026-03-29 20:25,2026-03-29 20:30,SHORT,A+,44,66636.4,66366.8,66123.0,358,66401.68260930352,SL,673.72,16608.89
430,2026-03-30 11:30,2026-03-30 12:15,SHORT,A,34,67822.2,67822.2,67188.0,367,67857.35266903359,SL,-303.31,16305.58
431,2026-04-05 09:50,2026-04-05 12:55,SHORT,A,34,67048.9,66770.0,66572.3,364,66823.45468817012,SL,650.19,16955.77
